Workbook

Sheet Resultados Detallados
A1: Dificultad | B1: Implementación | C1: Test | D1: Tiempo (s) | E1: Nodos
A2: easy | B2: backtracking | C2: 1 | D2: 0.00025558472 | E2: 156
A3: easy | B3: backtracking | C3: 2 | D3: 0.00027680397 | E3: 176 | I3: Implementacion | J3: Dificultad | K3: Tiempo promedio (s) | L3: Promedio de Nodos | M3: Tiempo Total (s) | N3: Nodos Totales
A4: easy | B4: backtracking | C4: 3 | D4: 0.00025892258 | E4: 164 | I4: Backtracking | J4: Easy | K4: =AVERAGEIFS(D:D,A:A,"easy",B:B,"backtracking") -> 0.00022370577 | L4: =AVERAGEIFS(E:E,A:A,"easy",B:B,"backtracking") -> 172.86 | M4: =SUMIFS(D:D,A:A,"easy",B:B,"backtracking") -> 0.022370577 | N4: =SUMIFS(E:E,A:A,"easy",B:B,"backtracking") -> 17286
A5: easy | B5: backtracking | C5: 4 | D5: 0.00021672249 | E5: 162 | I5: Backtracking | J5: Medium | K5: =AVERAGEIFS(D:D,A:A,"medium",B:B,"backtracking") -> 0.001764214 | L5: =AVERAGEIFS(E:E,A:A,"medium",B:B,"backtracking") -> 1415.91 | M5: =SUMIFS(D:D,A:A,"medium",B:B,"backtracking") -> 0.1764214 | N5: =SUMIFS(E:E,A:A,"medium",B:B,"backtracking") -> 141591
A6: easy | B6: backtracking | C6: 5 | D6: 0.00017976761 | E6: 141 | I6: Backtracking | J6: Hard | K6: =AVERAGEIFS(D:D,A:A,"hard",B:B,"backtracking") -> 0.077315111 | L6: =AVERAGEIFS(E:E,A:A,"hard",B:B,"backtracking") -> 63741.25 | M6: =SUMIFS(D:D,A:A,"hard",B:B,"backtracking") -> 7.7315111 | N6: =SUMIFS(E:E,A:A,"hard",B:B,"backtracking") -> 6374125
A7: easy | B7: backtracking | C7: 6 | D7: 0.00019574165 | E7: 139 | I7: Branch & Bound | J7: Easy | K7: =AVERAGEIFS(D:D,A:A,"easy",B:B,"branch_and_bound") -> 0.001486237 | L7: =AVERAGEIFS(E:E,A:A,"easy",B:B,"branch_and_bound") -> 27.59 | M7: =SUMIFS(D:D,A:A,"easy",B:B,"branch_and_bound") -> 0.1486237 | N7: =SUMIFS(E:E,A:A,"easy",B:B,"branch_and_bound") -> 2759
A8: easy | B8: backtracking | C8: 7 | D8: 0.0003361702 | E8: 285 | I8: Branch & Bound | J8: Medium | K8: =AVERAGEIFS(D:D,A:A,"medium",B:B,"branch_and_bound") -> 0.0033740354 | L8: =AVERAGEIFS(E:E,A:A,"medium",B:B,"branch_and_bound") -> 47.23 | M8: =SUMIFS(D:D,A:A,"medium",B:B,"branch_and_bound") -> 0.33740354 | N8: =SUMIFS(E:E,A:A,"medium",B:B,"branch_and_bound") -> 4723
A9: easy | B9: backtracking | C9: 8 | D9: 0.00014638901 | E9: 118 | I9: Branch & Bound | J9: Hard | K9: =AVERAGEIFS(D:D,A:A,"hard",B:B,"branch_and_bound") -> 0.014410305 | L9: =AVERAGEIFS(E:E,A:A,"hard",B:B,"branch_and_bound") -> 146.2 | M9: =SUMIFS(D:D,A:A,"hard",B:B,"branch_and_bound") -> 1.4410305 | N9: =SUMIFS(E:E,A:A,"hard",B:B,"branch_and_bound") -> 14620
A10: easy | B10: backtracking | C10: 9 | D10: 0.00018954277 | E10: 151
A11: easy | B11: backtracking | C11: 10 | D11: 0.00024080276 | E11: 192
A12: easy | B12: backtracking | C12: 11 | D12: 0.00011396408 | E12: 86
A13: easy | B13: backtracking | C13: 12 | D13: 0.00017952919 | E13: 134
A14: easy | B14: backtracking | C14: 13 | D14: 0.00028467178 | E14: 236
A15: easy | B15: backtracking | C15: 14 | D15: 0.0001783371 | E15: 144
A16: easy | B16: backtracking | C16: 15 | D16: 0.00018692017 | E16: 138
A17: easy | B17: backtracking | C17: 16 | D17: 0.00019478798 | E17: 167
A18: easy | B18: backtracking | C18: 17 | D18: 0.00038027763 | E18: 194
A19: easy | B19: backtracking | C19: 18 | D19: 0.00021862984 | E19: 171
A20: easy | B20: backtracking | C20: 19 | D20: 0.00022649765 | E20: 138
A21: easy | B21: backtracking | C21: 20 | D21: 0.00012803078 | E21: 91
... A601: hard | B601: branch_and_bound | C601: 100 | D601: 0.010580778 | E601: 89

Sheet Promedios
A1: Dificultad | B1: Implementación | C1: Tiempo Promedio (s) | D1: Nodos Promedio | E1: Tiempo Total (s) | F1: Nodos Totales
A2: easy | B2: backtracking | C2: 0.00022370577 | D2: 172.86 | E2: 0.022370577 | F2: 17286
A3: easy | B3: branch_and_bound | C3: 0.001486237 | D3: 27.59 | E3: 0.1486237 | F3: 2759
A4: medium | B4: backtracking | C4: 0.001764214 | D4: 1415.91 | E4: 0.1764214 | F4: 141591
A5: medium | B5: branch_and_bound | C5: 0.0033740354 | D5: 47.23 | E5: 0.33740354 | F5: 4723
A6: hard | B6: backtracking | C6: 0.077315111 | D6: 63741.25 | E6: 7.7315111 | F6: 6374125
A7: hard | B7: branch_and_bound | C7: 0.014410305 | D7: 146.2 | E7: 1.4410305 | F7: 14620

Sheet Hoja1
A1: Dificultad | B1: Tiempo Promedio Backtracking (s) | C1: Tiempo PromedioBranch and Bound (s) | D1: Promedio de nodos en Backtracking | E1: Promedio de nodos en Branch and Bound
A2: easy | B2: =AVERAGEIFS('Resultados Detallados'!D:D,'Resultados Detallados'!A:A,"easy",'Resultados Detallados'!B:B,"backtracking") -> 0.00022370577 | C2: =AVERAGEIFS('Resultados Detallados'!D:D,'Resultados Detallados'!A:A,"easy",'Resultados Detallados'!B:B,"branch_and_bound") -> 0.001486237 | D2: =AVERAGEIFS('Resultados Detallados'!E:E,'Resultados Detallados'!A:A,"easy",'Resultados Detallados'!B:B,"backtracking") -> 172.86 | E2: =AVERAGEIFS('Resultados Detallados'!E:E,'Resultados Detallados'!A:A,"easy",'Resultados Detallados'!B:B,"branch_and_bound") -> 27.59 | G2: multiplicador de nodos
A3: medium | B3: =AVERAGEIFS('Resultados Detallados'!D:D,'Resultados Detallados'!A:A,"medium",'Resultados Detallados'!B:B,"backtracking") -> 0.001764214 | C3: =AVERAGEIFS('Resultados Detallados'!D:D,'Resultados Detallados'!A:A,"medium",'Resultados Detallados'!B:B,"branch_and_bound") -> 0.0033740354 | D3: =AVERAGEIFS('Resultados Detallados'!E:E,'Resultados Detallados'!A:A,"medium",'Resultados Detallados'!B:B,"backtracking") -> 1415.91 | E3: =AVERAGEIFS('Resultados Detallados'!E:E,'Resultados Detallados'!A:A,"medium",'Resultados Detallados'!B:B,"branch_and_bound") -> 47.23 | G3: easy | H3: =D2/E2 -> 6.2653135
A4: hard | B4: =AVERAGEIFS('Resultados Detallados'!D:D,'Resultados Detallados'!A:A,"hard",'Resultados Detallados'!B:B,"backtracking") -> 0.077315111 | C4: =AVERAGEIFS('Resultados Detallados'!D:D,'Resultados Detallados'!A:A,"hard",'Resultados Detallados'!B:B,"branch_and_bound") -> 0.014410305 | D4: =AVERAGEIFS('Resultados Detallados'!E:E,'Resultados Detallados'!A:A,"hard",'Resultados Detallados'!B:B,"backtracking") -> 63741.25 | E4: =AVERAGEIFS('Resultados Detallados'!E:E,'Resultados Detallados'!A:A,"hard",'Resultados Detallados'!B:B,"branch_and_bound") -> 146.2 | G4: medium | H4: =D3/E3 -> 29.979039
G5: hard | H5: =D4/E4 -> 435.98666
